{
  "sourceArticlesCount": 5,
  "articlePreview": "Processus électoraux : Le CNDH forme les points focaux des partis politiques aux droits de l’homme\nProcessus électoraux : Le CNDH forme les points focaux des partis politiques aux droits de l’homme\n\n-...",
  "quiz": [
    {
      "question": "Quel organisme a formé les points focaux des partis politiques aux droits de l’homme?",
      "options": {
        "A": "Le Ministère de l'Intérieur",
        "B": "Le CNDH",
        "C": "La Cour Suprême",
        "D": "L'Assemblée Nationale"
      },
      "correctAnswer": "B",
      "explanation": "Le CNDH, ou Conseil National des Droits de l'Homme, est l'organisme qui a formé les points focaux des partis politiques aux droits de l'homme."
    },
    {
      "question": "Combien de machines à sous ont été consumées par les flammes à Akouedo-Attié?",
      "options": {
        "A": "50",
        "B": "75",
        "C": "110",
        "D": "150"
      },
      "correctAnswer": "C",
      "explanation": "Plus de 110 machines à sous ont été consumées par les flammes lors d'un incident à Akouedo-Attié."
    },
    {
      "question": "Qui est le nouveau président du Groupe de la BAD?",
      "options": {
        "A": "Alassane Ouattara",
        "B": "Sidi Ould Tah",
        "C": "Charles Blé Goudé",
        "D": "Kofi Annan"
      },
      "correctAnswer": "B",
      "explanation": "Sidi Ould Tah est le nouveau président du Groupe de la Banque Africaine de Développement (BAD)."
    },
    {
      "question": "Où a eu lieu le premier meeting payant de Charles Blé Goudé?",
      "options": {
        "A": "Abidjan",
        "B": "Bouaké",
        "C": "Korhogo",
        "D": "Yamoussoukro"
      },
      "correctAnswer": "D",
      "explanation": "Le premier meeting payant de Charles Blé Goudé a eu lieu à Yamoussoukro."
    },
    {
      "question": "Quel pays a connu un incident terroriste avec plus d'une dizaine de personnes tuées?",
      "options": {
        "A": "Côte d'Ivoire",
        "B": "Mali",
        "C": "Burkina Faso",
        "D": "Ghana"
      },
      "correctAnswer": "C",
      "explanation": "Le Burkina Faso a connu un incident où plus d'une dizaine de personnes ont été tuées par des terroristes."
    }
  ],
  "metadata": {
    "difficulty": "moyen",
    "questionsGenerated": 5,
    "generatedAt": "2025-08-29T09:43:54.528Z"
  }
}