{
  "project_info": {
    "project_number": "339452590323",
    "project_id": "civexam-bf521",
    "storage_bucket": "civexam-bf521.firebasestorage.app"
  },
  "client": [
    {
      "client_info": {
        "mobilesdk_app_id": "1:339452590323:android:8157ff3781f38b4b0b9f86",
        "android_client_info": {
          "package_name": "com.example.civexam_app"
        }
      },
      "oauth_client": [],
      "api_key": [
        {
          "current_key": "AIzaSyDWgRCw51mY8n4ZiX257UlEVxG9F_1D9ac"
        }
      ],
      "services": {
        "appinvite_service": {
          "other_platform_oauth_client": []
        }
      }
    }
  ],
  "configuration_version": "1"
}